url,slug,sitemap_included,type,wp_id,wp_modified,title,title_len,meta_description,desc_len,desc_is_autogenerated,desc_flag_reason,canonical,canonical_matches_url,robots,og:title,og:description,og:url,og:type,og:image,og:site_name,og:locale,twitter:card,twitter:title,h1,h1_count,heading_count,word_count,jsonld_blocks,jsonld_types,internal_links,external_links,img_count,img_missing_alt
https://neofollicletransplant.com/,home,True,page,55,2026-08-13T13:07:12,Direct Hair Transplant Clinic in Bangalore | Neo Follicle,57,"Get direct hair transplant in Bangalore at Neo Follicle Clinic under Dr. Sandeep Mahapatra. Natural hairline, careful graft handling, and personalized planning.",160,False,,https://neofollicletransplant.com/,True,"max-image-preview:large, max-snippet:-1, max-video-preview:-1",Direct Hair Transplant Clinic in Bangalore | Neo Follicle,"Get direct hair transplant in Bangalore at Neo Follicle Clinic under Dr. Sandeep Mahapatra. Natural hairline, careful graft handling, and personalized planning.",https://neofollicletransplant.com/,website,,Neo Follicle Hair Transplant,en,summary_large_image,,Direct Hair Transplant Clinic in Bangalore for Natural-Looking Hair Restoration,1,87,3865,1,ContactPage|ContactPoint|FAQPage|ImageObject|ItemList|LocalBusiness|MedicalClinic|MedicalWebPage|Organization|Person|Physician|ReadAction|SearchAction|Service|WebPage|WebSite,64,11,59,2
https://neofollicletransplant.com/ai-hair-transplant-cost-calculator/,ai-hair-transplant-cost-calculator,False,page,1303,2026-02-11T15:19:32,AI Hair Transplant Cost Calculator – Neo Follicle Hair Transplant,65,Try Our Free AI Hair Assessment Report & Cost Calculator We use artificial intelligence to calculate the approximate cost of hair transplantation. Get Your Free,160,True,truncated mid-sentence,,False,"max-image-preview:large, noindex, follow",AI Hair Transplant Cost Calculator – Neo Follicle Hair Transplant,Try Our Free AI Hair Assessment Report & Cost Calculator We use artificial intelligence to calculate the approximate cost of hair transplantation. Get Your Free,https://neofollicletransplant.com/ai-hair-transplant-cost-calculator/,article,,Neo Follicle Hair Transplant,en,summary_large_image,,Try Our Free AI Hair Assessment Report & Cost Calculator,1,22,939,1,BreadcrumbList|ContactPage|ContactPoint|LocalBusiness|MedicalClinic|Organization|Person|Physician|ReadAction|SearchAction|Service|WebPage|WebSite,29,11,20,4
https://neofollicletransplant.com/alopecia-areata-treatment-in-bangalore/,alopecia-areata-treatment-in-bangalore,True,page,826,2026-05-26T16:50:38,Alopecia Areata Treatment in Bangalore – Neo Follicle Hair Transplant,69,Home » Alopecia Areata Treatment in Bangalore Best Alopecia Areata Treatment in Bangalore Struggling with Sudden Hair Patches or Bald Spots? Get expert ca,154,True,body dump (breadcrumb prefix),https://neofollicletransplant.com/alopecia-areata-treatment-in-bangalore/,True,"max-image-preview:large, max-snippet:-1, max-video-preview:-1",Alopecia Areata Treatment in Bangalore – Neo Follicle Hair Transplant,Home » Alopecia Areata Treatment in Bangalore Best Alopecia Areata Treatment in Bangalore Struggling with Sudden Hair Patches or Bald Spots? Get expert ca,https://neofollicletransplant.com/alopecia-areata-treatment-in-bangalore/,article,,Neo Follicle Hair Transplant,en,summary_large_image,,Best Alopecia Areata Treatment in Bangalore,1,61,1742,1,BreadcrumbList|ContactPage|ContactPoint|LocalBusiness|MedicalClinic|MedicalCondition|MedicalTherapy|MedicalWebPage|Organization|Person|Physician|ReadAction|SearchAction|Service|WebPage|WebSite,32,11,35,3
https://neofollicletransplant.com/beard-transplant-in-bangalore/,beard-transplant-in-bangalore,True,page,410,2026-06-03T16:24:47,Beard Transplant in Bangalore – Neo Follicle Hair Transplant,60,"Home » Beard Transplant in Bangalore Beard Transplant Clinic in Bangalore Natural-looking beard, moustache, and facial hair restoration by Dr. Sandeep Mah",154,True,body dump (breadcrumb prefix),https://neofollicletransplant.com/beard-transplant-in-bangalore/,True,"max-image-preview:large, max-snippet:-1, max-video-preview:-1",Beard Transplant in Bangalore – Neo Follicle Hair Transplant,"Home » Beard Transplant in Bangalore Beard Transplant Clinic in Bangalore Natural-looking beard, moustache, and facial hair restoration by Dr. Sandeep Mah",https://neofollicletransplant.com/beard-transplant-in-bangalore/,article,,Neo Follicle Hair Transplant,en,summary_large_image,,Beard Transplant Clinic in Bangalore,1,75,3325,1,BreadcrumbList|ContactPage|ContactPoint|LocalBusiness|MedicalClinic|MedicalProcedure|MedicalWebPage|Organization|Person|Physician|ReadAction|SearchAction|Service|WebPage|WebSite,36,11,55,3
https://neofollicletransplant.com/best-hair-transplant-clinic-lp/,best-hair-transplant-clinic-lp,False,page,1366,2026-06-07T08:19:57,Best Hair Transplant Clinic – LP – Neo Follicle Hair Transplant,63,"Best Hair Transplant Clinic in Bangalore Natural Results. Trusted Care. 10,000+ Successful Transplants | 20+ Years of Expertise Call # +91 - 97312 07940 AI Hair",160,True,body dump (duplicates opening body text),,False,"max-image-preview:large, noindex, follow",Best Hair Transplant Clinic – LP – Neo Follicle Hair Transplant,"Best Hair Transplant Clinic in Bangalore Natural Results. Trusted Care. 10,000+ Successful Transplants | 20+ Years of Expertise Call # +91 - 97312 07940 AI Hair",https://neofollicletransplant.com/best-hair-transplant-clinic-lp/,article,,Neo Follicle Hair Transplant,en,summary_large_image,,Best Hair Transplant Clinic in Bangalore,1,62,1760,1,BreadcrumbList|ContactPage|ContactPoint|LocalBusiness|MedicalClinic|Organization|Person|Physician|ReadAction|SearchAction|Service|WebPage|WebSite,3,13,47,2
https://neofollicletransplant.com/best-hair-transplant-in-bangalore/,best-hair-transplant-in-bangalore,True,page,244,2026-05-29T19:39:54,Best Hair Transplant in Bangalore | Neo Follicle Clinic,55,"Get the best hair transplant in Bangalore at Neo Follicle Clinic. Doctor-led planning, natural hairline design, safe graft handling, and personalized care.",155,False,,https://neofollicletransplant.com/best-hair-transplant-in-bangalore/,True,"max-image-preview:large, max-snippet:-1, max-video-preview:-1",Best Hair Transplant in Bangalore | Neo Follicle Clinic,"Get the best hair transplant in Bangalore at Neo Follicle Clinic. Doctor-led planning, natural hairline design, safe graft handling, and personalized care.",https://neofollicletransplant.com/best-hair-transplant-in-bangalore/,article,,Neo Follicle Hair Transplant,en,summary_large_image,,"Best Direct Hair Transplant in Bangalore for Natural, Long-Lasting Hair Growth",1,128,6927,1,BreadcrumbList|ContactPage|ContactPoint|LocalBusiness|MedicalClinic|MedicalProcedure|MedicalWebPage|Organization|Person|Physician|ReadAction|SearchAction|Service|WebPage|WebSite,57,11,43,5
https://neofollicletransplant.com/best-hair-transplant-surgeon-in-bangalore-lp/,best-hair-transplant-surgeon-in-bangalore-lp,False,page,1444,2026-06-07T08:59:27,Best Hair Transplant Surgeon in Bangalore – LP – Neo Follicle Hair Transplant,77,"Top Hair Transplant Surgeon in Bangalore – Dr. Sandeep Mahapatra 10,000+ Successful Transplants | 20+ Years of Expertise Choose one of Bangalore’s most trusted",159,True,body dump (duplicates opening body text),,False,"max-image-preview:large, noindex, follow",Best Hair Transplant Surgeon in Bangalore – LP – Neo Follicle Hair Transplant,"Top Hair Transplant Surgeon in Bangalore – Dr. Sandeep Mahapatra 10,000+ Successful Transplants | 20+ Years of Expertise Choose one of Bangalore’s most trusted",https://neofollicletransplant.com/best-hair-transplant-surgeon-in-bangalore-lp/,article,,Neo Follicle Hair Transplant,en,summary_large_image,,Top Hair Transplant Surgeon in Bangalore – Dr. Sandeep Mahapatra,1,48,1550,1,BreadcrumbList|ContactPage|ContactPoint|LocalBusiness|MedicalClinic|Organization|Person|Physician|ReadAction|SearchAction|Service|WebPage|WebSite,3,11,36,2
https://neofollicletransplant.com/best-prp-hair-treatment-in-bangalore/,best-prp-hair-treatment-in-bangalore,True,page,651,2026-05-26T16:42:52,Best PRP Hair Treatment in Bangalore – Neo Follicle Hair Transplant,67,Home » Best PRP Hair Treatment in Bangalore Best PRP Hair Treatment in Bangalore Struggling with Hair Fall? PRP Might Be the Answer.. At Neo Follicle Tran,154,True,body dump (breadcrumb prefix),https://neofollicletransplant.com/best-prp-hair-treatment-in-bangalore/,True,"max-image-preview:large, max-snippet:-1, max-video-preview:-1",Best PRP Hair Treatment in Bangalore – Neo Follicle Hair Transplant,Home » Best PRP Hair Treatment in Bangalore Best PRP Hair Treatment in Bangalore Struggling with Hair Fall? PRP Might Be the Answer.. At Neo Follicle Tran,https://neofollicletransplant.com/best-prp-hair-treatment-in-bangalore/,article,,Neo Follicle Hair Transplant,en,summary_large_image,,Best PRP Hair Treatment in Bangalore,1,63,2107,1,BreadcrumbList|ContactPage|ContactPoint|LocalBusiness|MedicalClinic|MedicalTherapy|MedicalWebPage|Organization|Person|Physician|ReadAction|SearchAction|Service|WebPage|WebSite,32,11,35,3
https://neofollicletransplant.com/body-hair-transplant/,body-hair-transplant,True,page,1132,2026-05-26T16:39:59,Body Hair Transplant – Neo Follicle Hair Transplant,51,Home » Body Hair Transplant Body Hair Transplant in Bangalore Running Out of Scalp Donor Hair? There’s Another Solution Neo Follicle Transplant offers adv,154,True,body dump (breadcrumb prefix),https://neofollicletransplant.com/body-hair-transplant/,True,"max-image-preview:large, max-snippet:-1, max-video-preview:-1",Body Hair Transplant – Neo Follicle Hair Transplant,Home » Body Hair Transplant Body Hair Transplant in Bangalore Running Out of Scalp Donor Hair? There’s Another Solution Neo Follicle Transplant offers adv,https://neofollicletransplant.com/body-hair-transplant/,article,,Neo Follicle Hair Transplant,en,summary_large_image,,Body Hair Transplant in Bangalore,1,58,1879,1,BreadcrumbList|ContactPage|ContactPoint|ItemList|LocalBusiness|MedicalClinic|Organization|Person|Physician|ReadAction|SearchAction|Service|WebPage|WebSite,43,11,31,3
https://neofollicletransplant.com/category/uncategorized/,uncategorized,True,category,,,Uncategorized – Neo Follicle Hair Transplant,44,,0,True,missing,https://neofollicletransplant.com/category/uncategorized/,True,"max-image-preview:large, max-snippet:-1, max-video-preview:-1",Uncategorized – Neo Follicle Hair Transplant,,https://neofollicletransplant.com/category/uncategorized/,website,,Neo Follicle Hair Transplant,en,summary_large_image,,Our Blogs,1,15,805,1,BreadcrumbList|CollectionPage|ContactPage|ContactPoint|LocalBusiness|MedicalClinic|Organization|Person|Physician|SearchAction|Service|WebSite,43,11,15,1
https://neofollicletransplant.com/celebrity-hair-transplant/,celebrity-hair-transplant,True,page,534,2026-05-20T16:32:47,Celebrity Hair Transplant – Neo Follicle Hair Transplant,56,"Home » Celebrity Hair Transplant The Trusted Clinic for Celebrity Direct Hair Transplant From popular actors to media personalities, Neo Follicle Transpla",154,True,body dump (breadcrumb prefix),https://neofollicletransplant.com/celebrity-hair-transplant/,True,"max-image-preview:large, max-snippet:-1, max-video-preview:-1",Celebrity Hair Transplant – Neo Follicle Hair Transplant,"Home » Celebrity Hair Transplant The Trusted Clinic for Celebrity Direct Hair Transplant From popular actors to media personalities, Neo Follicle Transpla",https://neofollicletransplant.com/celebrity-hair-transplant/,article,,Neo Follicle Hair Transplant,en,summary_large_image,,The Trusted Clinic for Celebrity Direct Hair Transplant,1,28,1690,1,BreadcrumbList|ContactPage|ContactPoint|LocalBusiness|MedicalClinic|MedicalWebPage|Organization|Person|Physician|ReadAction|SearchAction|Service|WebPage|WebSite,31,11,28,3
https://neofollicletransplant.com/contact-us/,contact-us,True,page,1649,2026-05-15T17:45:57,Contact Us – Neo Follicle Hair Transplant,41,"Home » Contact Us Contact Us Book Your Appointment Neo Follicle Transplant Clinic is a hair transplant and hair loss treatment clinic in Bangalore, founde",154,True,body dump (breadcrumb prefix),https://neofollicletransplant.com/contact-us/,True,"max-image-preview:large, max-snippet:-1, max-video-preview:-1",Contact Us – Neo Follicle Hair Transplant,"Home » Contact Us Contact Us Book Your Appointment Neo Follicle Transplant Clinic is a hair transplant and hair loss treatment clinic in Bangalore, founde",https://neofollicletransplant.com/contact-us/,article,,Neo Follicle Hair Transplant,en,summary_large_image,,Contact Us,1,4,393,1,BreadcrumbList|ContactPage|ContactPoint|LocalBusiness|MedicalClinic|Organization|Person|Physician|ReadAction|SearchAction|Service|WebPage|WebSite,30,11,3,1
https://neofollicletransplant.com/cost-of-hair-transplant-in-bangalore-lp/,cost-of-hair-transplant-in-bangalore-lp,False,page,1457,2026-06-07T07:58:03,Cost of Hair Transplant in Bangalore – LP – Neo Follicle Hair Transplant,72,"Hair Transplant Cost in Bangalore Get a clear, personalized estimate based on your graft requirement, baldness grade, donor area quality, and the hair transplan",160,True,body dump (duplicates opening body text),,False,"max-image-preview:large, noindex, follow",Cost of Hair Transplant in Bangalore – LP – Neo Follicle Hair Transplant,"Hair Transplant Cost in Bangalore Get a clear, personalized estimate based on your graft requirement, baldness grade, donor area quality, and the hair transplan",https://neofollicletransplant.com/cost-of-hair-transplant-in-bangalore-lp/,article,,Neo Follicle Hair Transplant,en,summary_large_image,,Hair Transplant Cost in Bangalore,1,66,2930,1,BreadcrumbList|ContactPage|ContactPoint|LocalBusiness|MedicalClinic|Organization|Person|Physician|ReadAction|SearchAction|Service|WebPage|WebSite,3,15,30,2
https://neofollicletransplant.com/dandruff-treatment-in-bangalore/,dandruff-treatment-in-bangalore,True,page,846,2026-05-26T16:52:07,Dandruff Treatment in Bangalore – Neo Follicle Hair Transplant,62,"Home » Dandruff Treatment in Bangalore Best Dandruff Treatment in Bangalore Tried Every Shampoo but Still Struggling with Dandruff? Get clear, flake-free",153,True,body dump (breadcrumb prefix),https://neofollicletransplant.com/dandruff-treatment-in-bangalore/,True,"max-image-preview:large, max-snippet:-1, max-video-preview:-1",Dandruff Treatment in Bangalore – Neo Follicle Hair Transplant,"Home » Dandruff Treatment in Bangalore Best Dandruff Treatment in Bangalore Tried Every Shampoo but Still Struggling with Dandruff? Get clear, flake-free",https://neofollicletransplant.com/dandruff-treatment-in-bangalore/,article,,Neo Follicle Hair Transplant,en,summary_large_image,,Best Dandruff Treatment in Bangalore,1,61,1742,1,BreadcrumbList|ContactPage|ContactPoint|LocalBusiness|MedicalClinic|MedicalCondition|MedicalTherapy|MedicalWebPage|Organization|Person|Physician|ReadAction|SearchAction|Service|WebPage|WebSite,32,11,35,3
https://neofollicletransplant.com/donor-area-planning-hair-transplant/,donor-area-planning-hair-transplant,True,post,2458,2026-07-03T11:58:57,Donor Area Planning in Hair Transplant | Neo Follicle Clinic,60,"Learn why donor area planning is critical in hair transplant surgery, how over-harvesting damages the scalp, and how Neo Follicle Clinic protects donor hair.",157,False,,https://neofollicletransplant.com/donor-area-planning-hair-transplant/,True,"max-image-preview:large, max-snippet:-1, max-video-preview:-1",Donor Area Planning in Hair Transplant | Neo Follicle Clinic,"Learn why donor area planning is critical in hair transplant surgery, how over-harvesting damages the scalp, and how Neo Follicle Clinic protects donor hair.",https://neofollicletransplant.com/donor-area-planning-hair-transplant/,article,https://neofollicletransplant.com/wp-content/uploads/2026/06/Why-Donor-Area-Planning-is-Critical-in-Hair-Transplant.png,Neo Follicle Hair Transplant,en,summary_large_image,,Why Donor Area Planning Is Critical in Hair Transplant,1,43,3514,1,Article|BlogPosting|BreadcrumbList|ContactPage|ContactPoint|FAQPage|ImageObject|LocalBusiness|MedicalClinic|MedicalWebPage|Organization|Person|Physician|ReadAction|SearchAction|Service|WebPage|WebSite,53,16,5,1
https://neofollicletransplant.com/dr-sandeep-mahapatra-hair-transplant-surgeon/,dr-sandeep-mahapatra-hair-transplant-surgeon,True,page,921,2026-05-27T08:17:58,Dr Sandeep Mahapatra Hair Transplant Surgeon – Neo Follicle Hair Transplant,75,Home » Dr Sandeep Mahapatra Hair Transplant Surgeon Best Direct Hair Transplant Surgeon in Bangalore Dr. Sandeep Mahapatra is a Senior Dermatologist and H,154,True,body dump (breadcrumb prefix),https://neofollicletransplant.com/dr-sandeep-mahapatra-hair-transplant-surgeon/,True,"max-image-preview:large, max-snippet:-1, max-video-preview:-1",Dr Sandeep Mahapatra Hair Transplant Surgeon – Neo Follicle Hair Transplant,Home » Dr Sandeep Mahapatra Hair Transplant Surgeon Best Direct Hair Transplant Surgeon in Bangalore Dr. Sandeep Mahapatra is a Senior Dermatologist and H,https://neofollicletransplant.com/dr-sandeep-mahapatra-hair-transplant-surgeon/,article,,Neo Follicle Hair Transplant,en,summary_large_image,,Best Direct Hair Transplant Surgeon in Bangalore,1,36,2349,1,AboutPage|BreadcrumbList|ContactPage|ContactPoint|LocalBusiness|MedicalClinic|MedicalWebPage|Organization|Person|Physician|ProfilePage|ReadAction|SearchAction|Service|WebPage|WebSite,43,17,27,2
https://neofollicletransplant.com/exosome-hair-treatment-in-bangalore/,exosome-hair-treatment-in-bangalore,True,page,707,2026-05-26T16:46:45,Exosome Hair Treatment in Bangalore – Neo Follicle Hair Transplant,66,Home » Exosome Hair Treatment in Bangalore Best Exosome Hair Treatment in Bangalore Looking for the Latest in Hair Regrowth? Discover Exosome Therapy. Neo,154,True,body dump (breadcrumb prefix),https://neofollicletransplant.com/exosome-hair-treatment-in-bangalore/,True,"max-image-preview:large, max-snippet:-1, max-video-preview:-1",Exosome Hair Treatment in Bangalore – Neo Follicle Hair Transplant,Home » Exosome Hair Treatment in Bangalore Best Exosome Hair Treatment in Bangalore Looking for the Latest in Hair Regrowth? Discover Exosome Therapy. Neo,https://neofollicletransplant.com/exosome-hair-treatment-in-bangalore/,article,,Neo Follicle Hair Transplant,en,summary_large_image,,Best Exosome Hair Treatment in Bangalore,1,64,2068,1,BreadcrumbList|ContactPage|ContactPoint|LocalBusiness|MedicalClinic|MedicalWebPage|Organization|Person|Physician|ReadAction|SearchAction|Service|WebPage|WebSite,32,11,39,3
https://neofollicletransplant.com/eyebrow-restoration-in-bangalore/,eyebrow-restoration-in-bangalore,True,page,459,2026-05-28T14:04:53,Eyebrow Restoration in Bangalore – Neo Follicle Hair Transplant,63,Home » Eyebrow Restoration in Bangalore Best Eyebrow Restoration in Bangalore Thinning or Uneven Eyebrows? We Can Help You Restore Them—Naturally. At Neo,153,True,body dump (breadcrumb prefix),https://neofollicletransplant.com/eyebrow-restoration-in-bangalore/,True,"max-image-preview:large, max-snippet:-1, max-video-preview:-1",Eyebrow Restoration in Bangalore – Neo Follicle Hair Transplant,Home » Eyebrow Restoration in Bangalore Best Eyebrow Restoration in Bangalore Thinning or Uneven Eyebrows? We Can Help You Restore Them—Naturally. At Neo,https://neofollicletransplant.com/eyebrow-restoration-in-bangalore/,article,,Neo Follicle Hair Transplant,en,summary_large_image,,Best Eyebrow Restoration in Bangalore,1,55,1765,1,BreadcrumbList|ContactPage|ContactPoint|LocalBusiness|MedicalClinic|MedicalProcedure|MedicalWebPage|Organization|Person|Physician|ReadAction|SearchAction|Service|WebPage|WebSite,32,11,38,4
https://neofollicletransplant.com/failed-hair-transplant-repair-in-bangalore/,failed-hair-transplant-repair-in-bangalore,True,page,500,2026-05-26T16:30:16,Failed Hair Transplant Repair in Bangalore – Neo Follicle Hair Transplant,73,"Home » Failed Hair Transplant Repair in Bangalore Failed Hair Transplant Repair in Bangalore At Neo Follicle Transplant, we specialize in failed hair tran",154,True,body dump (breadcrumb prefix),https://neofollicletransplant.com/failed-hair-transplant-repair-in-bangalore/,True,"max-image-preview:large, max-snippet:-1, max-video-preview:-1",Failed Hair Transplant Repair in Bangalore – Neo Follicle Hair Transplant,"Home » Failed Hair Transplant Repair in Bangalore Failed Hair Transplant Repair in Bangalore At Neo Follicle Transplant, we specialize in failed hair tran",https://neofollicletransplant.com/failed-hair-transplant-repair-in-bangalore/,article,,Neo Follicle Hair Transplant,en,summary_large_image,,Failed Hair Transplant Repair in Bangalore,1,61,1843,1,BreadcrumbList|ContactPage|ContactPoint|ItemList|LocalBusiness|MedicalClinic|Organization|Person|Physician|ReadAction|SearchAction|Service|WebPage|WebSite,32,11,37,3
https://neofollicletransplant.com/female-hair-loss/,female-hair-loss,True,post,2377,2026-07-03T12:18:40,"Female Hair Loss: Causes, Diagnosis & Treatments",48,"Understand female hair loss, widening part lines, PCOS, thyroid, stress, deficiencies, PRP, GFC and transplant options with Neo Follicle Bangalore.",147,False,,https://neofollicletransplant.com/female-hair-loss/,True,"max-image-preview:large, max-snippet:-1, max-video-preview:-1","Female Hair Loss: Causes, Diagnosis & Treatments","Understand female hair loss, widening part lines, PCOS, thyroid, stress, deficiencies, PRP, GFC and transplant options with Neo Follicle Bangalore.",https://neofollicletransplant.com/female-hair-loss/,article,https://neofollicletransplant.com/wp-content/uploads/2026/06/Understanding-Female-Hair-Loss.png,Neo Follicle Hair Transplant,en,summary_large_image,,"Understanding Female Hair Loss: Root Causes, Diagnosis, and Proven Treatments",1,53,4484,1,Article|BlogPosting|BreadcrumbList|ContactPage|ContactPoint|FAQPage|ImageObject|LocalBusiness|MedicalClinic|MedicalCondition|MedicalWebPage|Organization|Person|Physician|ReadAction|SearchAction|Service|WebPage|WebSite,48,16,18,1
https://neofollicletransplant.com/female-hair-transplant-in-bangalore/,female-hair-transplant-in-bangalore,True,page,1562,2026-05-28T15:39:40,Female Hair Transplant in Bangalore – Neo Follicle Hair Transplant,66,"Home » Female Hair Transplant in Bangalore Female Hair Transplant in Bangalore Expert-led, Natural Hairline Restoration for Women at Neo Follicle Transpla",154,True,body dump (breadcrumb prefix),https://neofollicletransplant.com/female-hair-transplant-in-bangalore/,True,"max-image-preview:large, max-snippet:-1, max-video-preview:-1",Female Hair Transplant in Bangalore – Neo Follicle Hair Transplant,"Home » Female Hair Transplant in Bangalore Female Hair Transplant in Bangalore Expert-led, Natural Hairline Restoration for Women at Neo Follicle Transpla",https://neofollicletransplant.com/female-hair-transplant-in-bangalore/,article,,Neo Follicle Hair Transplant,en,summary_large_image,,Female Hair Transplant in Bangalore,1,61,2657,1,BreadcrumbList|ContactPage|ContactPoint|ItemList|LocalBusiness|MedicalClinic|Organization|Person|Physician|ReadAction|SearchAction|Service|WebPage|WebSite,42,11,39,5
https://neofollicletransplant.com/fue-hair-transplant-bangalore/,fue-hair-transplant-bangalore,True,post,2472,2026-07-03T11:53:38,FUE Hair Transplant in Bangalore | Complete Guide,49,"Learn how FUE hair transplant works, its benefits, recovery, scars, graft survival and what to expect at Neo Follicle Hair Transplant Clinic, Bangalore.",152,False,,https://neofollicletransplant.com/fue-hair-transplant-bangalore/,True,"max-image-preview:large, max-snippet:-1, max-video-preview:-1",FUE Hair Transplant in Bangalore | Complete Guide,"Learn how FUE hair transplant works, its benefits, recovery, scars, graft survival and what to expect at Neo Follicle Hair Transplant Clinic, Bangalore.",https://neofollicletransplant.com/fue-hair-transplant-bangalore/,article,https://neofollicletransplant.com/wp-content/uploads/2026/07/The-Complete-Guide-to-FUE-Hair-Transplant.png,Neo Follicle Hair Transplant,en,summary_large_image,,The Complete Guide to FUE Hair Transplant,1,37,3376,1,Article|BreadcrumbList|ContactPage|ContactPoint|ImageObject|LocalBusiness|MedicalClinic|Organization|Person|Physician|ReadAction|SearchAction|Service|WebPage|WebSite,66,16,6,1
https://neofollicletransplant.com/fue-vs-direct-hair-implantation/,fue-vs-direct-hair-implantation,True,post,2430,2026-07-03T12:07:14,FUE vs Direct Hair Implantation: Which Is Better?,49,"Understand FUE vs Direct Hair Implantation, key differences, cost, recovery, density, and which hair transplant technique may suit you best.",140,False,,https://neofollicletransplant.com/fue-vs-direct-hair-implantation/,True,"max-image-preview:large, max-snippet:-1, max-video-preview:-1",FUE vs Direct Hair Implantation: Which Is Better?,"Understand FUE vs Direct Hair Implantation, key differences, cost, recovery, density, and which hair transplant technique may suit you best.",https://neofollicletransplant.com/fue-vs-direct-hair-implantation/,article,https://neofollicletransplant.com/wp-content/uploads/2026/06/FUE-vs-DHI-Hair-Transplant.png,Neo Follicle Hair Transplant,en,summary_large_image,,FUE vs. Direct Hair Implantation: Which Is Better for You?,1,26,3003,1,Article|BlogPosting|BreadcrumbList|ContactPage|ContactPoint|FAQPage|ImageObject|LocalBusiness|MedicalClinic|MedicalProcedure|MedicalWebPage|Organization|Person|Physician|ReadAction|SearchAction|Service|WebPage|WebSite,43,16,7,1
https://neofollicletransplant.com/gfc-hair-treatment-in-bangalore/,gfc-hair-treatment-in-bangalore,True,page,613,2026-05-26T16:44:19,GFC Hair Treatment in Bangalore – Neo Follicle Hair Transplant,62,"Home » GFC Hair Treatment in Bangalore Best GFC Hair Treatment in Bangalore Say Goodbye to Hair Fall and Hello to Fuller, Healthier Hair. With our advance",154,True,body dump (breadcrumb prefix),https://neofollicletransplant.com/gfc-hair-treatment-in-bangalore/,True,"max-image-preview:large, max-snippet:-1, max-video-preview:-1",GFC Hair Treatment in Bangalore – Neo Follicle Hair Transplant,"Home » GFC Hair Treatment in Bangalore Best GFC Hair Treatment in Bangalore Say Goodbye to Hair Fall and Hello to Fuller, Healthier Hair. With our advance",https://neofollicletransplant.com/gfc-hair-treatment-in-bangalore/,article,,Neo Follicle Hair Transplant,en,summary_large_image,,Best GFC Hair Treatment in Bangalore,1,64,2369,1,BreadcrumbList|ContactPage|ContactPoint|LocalBusiness|MedicalClinic|Organization|Person|Physician|ReadAction|SearchAction|Service|WebPage|WebSite,32,11,39,3
https://neofollicletransplant.com/gfc-vs-exosome-vs-qr678-hair-treatment/,gfc-vs-exosome-vs-qr678-hair-treatment,True,post,2466,2026-07-03T11:57:35,GFC vs Exosome vs QR678 Hair Treatment | Neo Follicle Clinic,60,"Compare GFC, Exosome and QR678 hair treatments for hair loss. Learn benefits, safety, sessions and suitability from Neo Follicle Bangalore.",139,False,,https://neofollicletransplant.com/gfc-vs-exosome-vs-qr678-hair-treatment/,True,"max-image-preview:large, max-snippet:-1, max-video-preview:-1",GFC vs Exosome vs QR678 Hair Treatment | Neo Follicle Clinic,"Compare GFC, Exosome and QR678 hair treatments for hair loss. Learn benefits, safety, sessions and suitability from Neo Follicle Bangalore.",https://neofollicletransplant.com/gfc-vs-exosome-vs-qr678-hair-treatment/,article,https://neofollicletransplant.com/wp-content/uploads/2026/06/GFC-vs-Exosome-Vs-QR678-Hair-Treatment.png,Neo Follicle Hair Transplant,en,summary_large_image,,GFC vs Exosome vs QR678 Hair Treatment,1,41,3673,1,Article|BreadcrumbList|ContactPage|ContactPoint|ImageObject|LocalBusiness|MedicalClinic|Organization|Person|Physician|ReadAction|SearchAction|Service|WebPage|WebSite,65,16,5,1
https://neofollicletransplant.com/hair-assessment/,hair-assessment,False,page,1500,2025-10-13T22:21:01,Hair Assessment – Neo Follicle Hair TransplantLandbot | Convert a Landing Page into a Chatbot,93,Landbot | Convert a Landing Page into a Chatbot,47,True,body dump (duplicates opening body text),,False,"max-image-preview:large, noindex, follow",Hair Assessment – Neo Follicle Hair Transplant,Landbot | Convert a Landing Page into a Chatbot,https://neofollicletransplant.com/hair-assessment/,article,,Neo Follicle Hair Transplant,en,summary_large_image,,,0,0,9,1,BreadcrumbList|ContactPage|ContactPoint|LocalBusiness|MedicalClinic|Organization|Person|Physician|ReadAction|SearchAction|Service|WebPage|WebSite,0,0,0,0
https://neofollicletransplant.com/hair-conditions-we-treat/,hair-conditions-we-treat,True,page,1830,2026-05-29T07:20:07,Hair Conditions We Treat – Neo Follicle Hair Transplant,55,"Home » Hair Conditions We Treat Hair Conditions We Treat in Bangalore Expert diagnosis and personalised treatment plans for hair loss, hair thinning, dand",154,True,body dump (breadcrumb prefix),https://neofollicletransplant.com/hair-conditions-we-treat/,True,"max-image-preview:large, max-snippet:-1, max-video-preview:-1",Hair Conditions We Treat – Neo Follicle Hair Transplant,"Home » Hair Conditions We Treat Hair Conditions We Treat in Bangalore Expert diagnosis and personalised treatment plans for hair loss, hair thinning, dand",https://neofollicletransplant.com/hair-conditions-we-treat/,article,,Neo Follicle Hair Transplant,en,summary_large_image,,Hair Conditions We Treat in Bangalore,1,62,3034,1,BreadcrumbList|ContactPage|ContactPoint|LocalBusiness|MedicalClinic|Organization|Person|Physician|ReadAction|SearchAction|Service|WebPage|WebSite,71,11,39,2
https://neofollicletransplant.com/hair-loss-treatment-in-bangalore/,hair-loss-treatment-in-bangalore,True,page,1728,2026-05-29T19:50:44,Hair Loss Treatment in Bangalore | Neo Follicle Clinic,54,"Advanced hair loss treatment in Bangalore for men and women. PRP, GFC, QR678, exosomes, LLLT, alopecia, dandruff and scalp treatments.",134,False,,https://neofollicletransplant.com/hair-loss-treatment-in-bangalore/,True,"max-image-preview:large, max-snippet:-1, max-video-preview:-1",Hair Loss Treatment in Bangalore | Neo Follicle Clinic,"Advanced hair loss treatment in Bangalore for men and women. PRP, GFC, QR678, exosomes, LLLT, alopecia, dandruff and scalp treatments.",https://neofollicletransplant.com/hair-loss-treatment-in-bangalore/,article,,Neo Follicle Hair Transplant,en,summary_large_image,,Advanced Hair Loss Treatment in Bangalore for Men and Women,1,75,3051,1,BreadcrumbList|ContactPage|ContactPoint|ItemList|LocalBusiness|MedicalClinic|MedicalWebPage|OfferCatalog|Organization|Person|Physician|ReadAction|SearchAction|Service|WebPage|WebSite,49,14,45,4
https://neofollicletransplant.com/hair-transplant-cost-in-bangalore/,hair-transplant-cost-in-bangalore,True,page,1791,2026-05-29T19:49:40,Hair Transplant Cost in Bangalore | Neo Follicle Clinic,55,"Know hair transplant cost in Bangalore at Neo Follicle Clinic. Price ranges from ₹60–₹100 per graft based on graft need, donor area strength, surgeon experience",160,True,truncated mid-sentence,https://neofollicletransplant.com/hair-transplant-cost-in-bangalore/,True,"max-image-preview:large, max-snippet:-1, max-video-preview:-1",Hair Transplant Cost in Bangalore | Neo Follicle Clinic,"Know hair transplant cost in Bangalore at Neo Follicle Clinic. Price ranges from ₹60–₹100 per graft based on graft need, donor area strength, surgeon experience",https://neofollicletransplant.com/hair-transplant-cost-in-bangalore/,article,,Neo Follicle Hair Transplant,en,summary_large_image,,Hair Transplant Cost in Bangalore,1,80,4163,1,BreadcrumbList|ContactPage|ContactPoint|LocalBusiness|MedicalClinic|Organization|Person|Physician|ReadAction|SearchAction|Service|WebPage|WebSite,33,24,34,2
https://neofollicletransplant.com/hair-transplant-for-receding-hairline/,hair-transplant-for-receding-hairline,True,post,2452,2026-07-03T12:03:51,Hair Transplant for Receding Hairline in Bangalore,50,"Learn when a receding hairline needs medical treatment or hair transplant. Expert guidance by Dr Sandeep Mahapatra of Neo Follicle Transplant Clinic, Bangalore.",160,False,,https://neofollicletransplant.com/hair-transplant-for-receding-hairline/,True,"max-image-preview:large, max-snippet:-1, max-video-preview:-1",Hair Transplant for Receding Hairline in Bangalore,"Learn when a receding hairline needs medical treatment or hair transplant. Expert guidance by Dr Sandeep Mahapatra of Neo Follicle Transplant Clinic, Bangalore.",https://neofollicletransplant.com/hair-transplant-for-receding-hairline/,article,https://neofollicletransplant.com/wp-content/uploads/2026/06/Hair-Transplant-for-a-Receeding-Hairline.png,Neo Follicle Hair Transplant,en,summary_large_image,,Hair Transplant for a Receding Hairline: What Every Patient Should Know,1,27,2373,1,Article|BlogPosting|BreadcrumbList|ContactPage|ContactPoint|FAQPage|ImageObject|LocalBusiness|MedicalClinic|MedicalWebPage|Organization|Person|Physician|ReadAction|SearchAction|Service|WebPage|WebSite,48,16,5,1
https://neofollicletransplant.com/hair-transplant-india-international-patients/,hair-transplant-india-international-patients,True,post,2398,2026-07-03T12:17:20,Hair Transplant in India for International Patients,51,"Planning a hair transplant in India? Learn why international patients choose Neo Follicle Bangalore for safe, affordable, English-speaking hair restoration care",160,True,truncated mid-sentence,https://neofollicletransplant.com/hair-transplant-india-international-patients/,True,"max-image-preview:large, max-snippet:-1, max-video-preview:-1",Hair Transplant in India for International Patients,"Planning a hair transplant in India? Learn why international patients choose Neo Follicle Bangalore for safe, affordable, English-speaking hair restoration care",https://neofollicletransplant.com/hair-transplant-india-international-patients/,article,https://neofollicletransplant.com/wp-content/uploads/2026/06/Hait-Transplant-in-India-for-International-Patients.png,Neo Follicle Hair Transplant,en,summary_large_image,,The Ultimate Guide to Hair Transplants in India for International Patients,1,66,4272,1,Article|BlogPosting|BreadcrumbList|ContactPage|ContactPoint|FAQPage|ImageObject|LocalBusiness|MedicalClinic|MedicalWebPage|Organization|Person|Physician|ReadAction|SearchAction|Service|WebPage|WebSite,50,16,7,1
https://neofollicletransplant.com/hair-transplant-medical-tourism-in-bangalore/,hair-transplant-medical-tourism-in-bangalore,True,page,969,2026-05-21T09:44:10,Hair Transplant Medical Tourism in Bangalore – Neo Follicle Hair Transplant,75,"Home » Hair Transplant Medical Tourism in Bangalore Hair Transplant Medical Tourism in Bangalore, India Neo Follicle Transplant offers world-class procedu",154,True,body dump (breadcrumb prefix),https://neofollicletransplant.com/hair-transplant-medical-tourism-in-bangalore/,True,"max-image-preview:large, max-snippet:-1, max-video-preview:-1",Hair Transplant Medical Tourism in Bangalore – Neo Follicle Hair Transplant,"Home » Hair Transplant Medical Tourism in Bangalore Hair Transplant Medical Tourism in Bangalore, India Neo Follicle Transplant offers world-class procedu",https://neofollicletransplant.com/hair-transplant-medical-tourism-in-bangalore/,article,,Neo Follicle Hair Transplant,en,summary_large_image,,"Hair Transplant Medical Tourism in Bangalore, India",1,78,2206,1,BreadcrumbList|ContactPage|ContactPoint|LocalBusiness|MedicalClinic|Organization|Person|Physician|ReadAction|SearchAction|Service|WebPage|WebSite,31,11,39,12
https://neofollicletransplant.com/hair-transplant-myths-vs-facts/,hair-transplant-myths-vs-facts,True,post,2405,2026-07-03T12:12:04,Hair Transplant Myths vs Facts: What Is Really True?,52,"Dr. Sandeep Mahapatra busts common hair transplant myths and explains the real medical facts about safety, results, recovery, cost, and long-term care.",151,False,,https://neofollicletransplant.com/hair-transplant-myths-vs-facts/,True,"max-image-preview:large, max-snippet:-1, max-video-preview:-1",Hair Transplant Myths vs Facts: What Is Really True?,"Dr. Sandeep Mahapatra busts common hair transplant myths and explains the real medical facts about safety, results, recovery, cost, and long-term care.",https://neofollicletransplant.com/hair-transplant-myths-vs-facts/,article,https://neofollicletransplant.com/wp-content/uploads/2026/06/Hair-Transplant-Myth-Vs-Facts.png,Neo Follicle Hair Transplant,en,summary_large_image,,Hair Transplant Myths vs. Facts: Setting the Record Straight,1,38,4274,1,Article|BlogPosting|BreadcrumbList|ContactPage|ContactPoint|FAQPage|ImageObject|LocalBusiness|MedicalClinic|MedicalWebPage|Organization|Person|Physician|ReadAction|SearchAction|Service|WebPage|WebSite,60,17,6,1
https://neofollicletransplant.com/hair-transplant-recovery-timeline/,hair-transplant-recovery-timeline,True,post,2390,2026-07-03T12:15:44,Hair Transplant Recovery Timeline: Month-by-Month Guide,55,"Understand the complete hair transplant recovery timeline from scabs and shedding to new growth, density, and final results with expert guidance from Neo Follicle.",163,False,,https://neofollicletransplant.com/hair-transplant-recovery-timeline/,True,"max-image-preview:large, max-snippet:-1, max-video-preview:-1",Hair Transplant Recovery Timeline: Month-by-Month Guide,"Understand the complete hair transplant recovery timeline from scabs and shedding to new growth, density, and final results with expert guidance from Neo Follicle.",https://neofollicletransplant.com/hair-transplant-recovery-timeline/,article,https://neofollicletransplant.com/wp-content/uploads/2026/06/Hair-Transplant-Recovery-Timeline.png,Neo Follicle Hair Transplant,en,summary_large_image,,The Ultimate Hair Transplant Recovery Timeline: What to Expect Month by Month,1,71,4825,1,Article|BlogPosting|BreadcrumbList|ContactPage|ContactPoint|FAQPage|ImageObject|LocalBusiness|MedicalClinic|MedicalWebPage|Organization|Person|Physician|ReadAction|SearchAction|Service|WebPage|WebSite,44,16,16,1
https://neofollicletransplant.com/how-many-grafts-do-i-need-for-hair-transplant/,how-many-grafts-do-i-need-for-hair-transplant,True,post,2439,2026-07-03T12:05:05,How Many Grafts Do I Need for Hair Transplant?,46,"Learn how hair transplant grafts are calculated based on baldness stage, donor density, hair thickness, and coverage needs. Expert guide by Neo Follicle Bangalore.",163,False,,https://neofollicletransplant.com/how-many-grafts-do-i-need-for-hair-transplant/,True,"max-image-preview:large, max-snippet:-1, max-video-preview:-1",How Many Grafts Do I Need for Hair Transplant?,"Learn how hair transplant grafts are calculated based on baldness stage, donor density, hair thickness, and coverage needs. Expert guide by Neo Follicle Bangalore.",https://neofollicletransplant.com/how-many-grafts-do-i-need-for-hair-transplant/,article,https://neofollicletransplant.com/wp-content/uploads/2026/06/How-many-grafts-do-I-need-for-hair-transplant.png,Neo Follicle Hair Transplant,en,summary_large_image,,How Many Grafts Do I Need for a Hair Transplant?,1,27,2785,1,Article|BlogPosting|BreadcrumbList|ContactPage|ContactPoint|FAQPage|ImageObject|LocalBusiness|MedicalClinic|MedicalWebPage|Organization|Person|Physician|ReadAction|SearchAction|Service|WebPage|WebSite,45,16,5,1
https://neofollicletransplant.com/how-to-choose-the-best-hair-transplant-clinic-bangalore/,how-to-choose-the-best-hair-transplant-clinic-bangalore,True,post,2275,2026-07-03T12:31:49,How to Choose the Best Hair Transplant Clinic in Bangalore,58,"Learn how to choose the best hair transplant clinic in Bangalore with expert tips on surgeon involvement, safety, graft count, hygiene, cost, and red flags.",156,False,,https://neofollicletransplant.com/how-to-choose-the-best-hair-transplant-clinic-bangalore/,True,"max-image-preview:large, max-snippet:-1, max-video-preview:-1",How to Choose the Best Hair Transplant Clinic in Bangalore,"Learn how to choose the best hair transplant clinic in Bangalore with expert tips on surgeon involvement, safety, graft count, hygiene, cost, and red flags.",https://neofollicletransplant.com/how-to-choose-the-best-hair-transplant-clinic-bangalore/,article,https://neofollicletransplant.com/wp-content/uploads/2026/06/How-to-Choose-the-Best-Hair-Transplant-Clinic-in-Bangalore.png,Neo Follicle Hair Transplant,en,summary_large_image,,How to Choose the Best Hair Transplant Clinic in Bangalore,1,49,4368,1,Article|BlogPosting|BreadcrumbList|ContactPage|ContactPoint|FAQPage|ImageObject|LocalBusiness|MedicalClinic|MedicalWebPage|Organization|Person|Physician|ReadAction|SearchAction|Service|WebPage|WebSite,44,17,12,1
https://neofollicletransplant.com/image-gallery/,image-gallery,True,page,1075,2026-05-29T14:20:21,Image Gallery – Neo Follicle Hair Transplant,44,See What’s Possible with Expert Hair Restoration Explore our visual proof of transformation—from hair transplant success stories to advanced treatments. Every i,160,True,truncated mid-sentence,https://neofollicletransplant.com/image-gallery/,True,"max-image-preview:large, max-snippet:-1, max-video-preview:-1",Image Gallery – Neo Follicle Hair Transplant,See What’s Possible with Expert Hair Restoration Explore our visual proof of transformation—from hair transplant success stories to advanced treatments. Every i,https://neofollicletransplant.com/image-gallery/,article,,Neo Follicle Hair Transplant,en,summary_large_image,,See What’s Possible with Expert Hair Restoration,1,18,567,1,BreadcrumbList|CollectionPage|ContactPage|ContactPoint|ImageGallery|LocalBusiness|MedicalClinic|Organization|Person|Physician|ReadAction|SearchAction|Service|WebPage|WebSite,29,11,85,1
https://neofollicletransplant.com/is-hair-transplant-painful/,is-hair-transplant-painful,True,post,2363,2026-07-03T12:19:55,Is a Hair Transplant Painful? What to Expect,44,"Worried about hair transplant pain? Dr. Sandeep Mahapatra explains what you feel before, during, and after a hair transplant in Bangalore.",138,False,,https://neofollicletransplant.com/is-hair-transplant-painful/,True,"max-image-preview:large, max-snippet:-1, max-video-preview:-1",Is a Hair Transplant Painful? What to Expect,"Worried about hair transplant pain? Dr. Sandeep Mahapatra explains what you feel before, during, and after a hair transplant in Bangalore.",https://neofollicletransplant.com/is-hair-transplant-painful/,article,https://neofollicletransplant.com/wp-content/uploads/2026/06/Is-Hair-Transplant-Painful.png,Neo Follicle Hair Transplant,en,summary_large_image,,"Is a Hair Transplant Painful? What to Honestly Expect Before, During, and After",1,27,2694,1,Article|BlogPosting|BreadcrumbList|ContactPage|ContactPoint|FAQPage|ImageObject|LocalBusiness|MedicalClinic|MedicalProcedure|MedicalWebPage|Organization|Person|Physician|ReadAction|SearchAction|Service|WebPage|WebSite,42,16,7,1
https://neofollicletransplant.com/is-hair-transplant-permanent/,is-hair-transplant-permanent,True,post,2421,2026-07-03T12:14:11,Is a Hair Transplant Permanent? | Dr Sandeep Mahapatra,54,"Learn why transplanted hair can last permanently, how donor dominance works, and why protecting native hair matters for long-term results.",138,False,,https://neofollicletransplant.com/is-hair-transplant-permanent/,True,"max-image-preview:large, max-snippet:-1, max-video-preview:-1",Is a Hair Transplant Permanent? | Dr Sandeep Mahapatra,"Learn why transplanted hair can last permanently, how donor dominance works, and why protecting native hair matters for long-term results.",https://neofollicletransplant.com/is-hair-transplant-permanent/,article,https://neofollicletransplant.com/wp-content/uploads/2026/06/Is-Hair-Transplant-Permanent.png,Neo Follicle Hair Transplant,en,summary_large_image,,Is a Hair Transplant Permanent?,1,24,2718,1,Article|BlogPosting|BreadcrumbList|ContactPage|ContactPoint|FAQPage|ImageObject|LocalBusiness|MedicalClinic|MedicalWebPage|Organization|Person|Physician|ReadAction|SearchAction|Service|WebPage|WebSite,51,16,5,1
https://neofollicletransplant.com/low-level-laser-therapy/,low-level-laser-therapy,True,page,761,2026-05-26T16:48:31,Low Level Laser Therapy – Neo Follicle Hair Transplant,54,Home » Low Level Laser Therapy Best Low Level Laser Therapy in Bangalore Want to Regrow Hair Without Surgery or Injections? Try LLLT At Neo Follicle Trans,154,True,body dump (breadcrumb prefix),https://neofollicletransplant.com/low-level-laser-therapy/,True,"max-image-preview:large, max-snippet:-1, max-video-preview:-1",Low Level Laser Therapy – Neo Follicle Hair Transplant,Home » Low Level Laser Therapy Best Low Level Laser Therapy in Bangalore Want to Regrow Hair Without Surgery or Injections? Try LLLT At Neo Follicle Trans,https://neofollicletransplant.com/low-level-laser-therapy/,article,,Neo Follicle Hair Transplant,en,summary_large_image,,Best Low Level Laser Therapy in Bangalore,1,61,1867,1,BreadcrumbList|ContactPage|ContactPoint|LocalBusiness|MedicalClinic|MedicalTherapy|MedicalWebPage|Organization|Person|Physician|ReadAction|SearchAction|Service|WebPage|WebSite,32,11,36,3
https://neofollicletransplant.com/maintenance-page/,maintenance-page,True,page,16,2025-03-27T10:26:09,Maintenance Page – Neo Follicle Hair Transplant,47,This Web-Page is Being Redesigned This Page will be available in a couple of days. Please call +91 - 97312 07940 for appointment with Our Senior Hair Transplant,160,True,truncated mid-sentence,https://neofollicletransplant.com/maintenance-page/,True,"max-image-preview:large, max-snippet:-1, max-video-preview:-1",Maintenance Page – Neo Follicle Hair Transplant,This Web-Page is Being Redesigned This Page will be available in a couple of days. Please call +91 - 97312 07940 for appointment with Our Senior Hair Transplant,https://neofollicletransplant.com/maintenance-page/,article,,Neo Follicle Hair Transplant,en,summary_large_image,,This Web-Page is Being Redesigned,1,5,314,1,BreadcrumbList|ContactPage|ContactPoint|LocalBusiness|MedicalClinic|Organization|Person|Physician|ReadAction|SearchAction|Service|WebPage|WebSite,29,11,4,1
https://neofollicletransplant.com/male-pattern-hair-loss/,male-pattern-hair-loss,True,post,2317,2026-07-03T12:21:47,"Male Pattern Hair Loss: Stages, Causes & Treatment",50,"Understand male pattern hair loss, Norwood stages, DHT causes, medical treatments, PRP, GFC, and hair transplant options in Bangalore.",134,False,,https://neofollicletransplant.com/male-pattern-hair-loss/,True,"max-image-preview:large, max-snippet:-1, max-video-preview:-1","Male Pattern Hair Loss: Stages, Causes & Treatment","Understand male pattern hair loss, Norwood stages, DHT causes, medical treatments, PRP, GFC, and hair transplant options in Bangalore.",https://neofollicletransplant.com/male-pattern-hair-loss/,article,https://neofollicletransplant.com/wp-content/uploads/2026/06/Norwood-Scale-Male-Pattern-Baldness.png,Neo Follicle Hair Transplant,en,summary_large_image,,"Understanding Male Pattern Hair Loss: Stages, Science, and Solutions",1,40,4030,1,Article|BlogPosting|BreadcrumbList|ContactPage|ContactPoint|FAQPage|ImageObject|LocalBusiness|MedicalClinic|MedicalCondition|MedicalWebPage|Organization|Person|Physician|ReadAction|SearchAction|Service|WebPage|WebSite,42,16,7,1
https://neofollicletransplant.com/medical-treatments-for-hair-loss/,medical-treatments-for-hair-loss,True,post,2520,2026-07-05T08:30:38,Medical Treatments for Hair Loss in Bangalore | Neo Follicle,60,"Learn dermatologist-guided medical treatments for hair loss, including Minoxidil, Finasteride, PRP, GFC, Exosome Therapy and QR678 at Neo Follicle Bangalore.",157,False,,https://neofollicletransplant.com/medical-treatments-for-hair-loss/,True,"max-image-preview:large, max-snippet:-1, max-video-preview:-1",Medical Treatments for Hair Loss in Bangalore | Neo Follicle,"Learn dermatologist-guided medical treatments for hair loss, including Minoxidil, Finasteride, PRP, GFC, Exosome Therapy and QR678 at Neo Follicle Bangalore.",https://neofollicletransplant.com/medical-treatments-for-hair-loss/,article,https://neofollicletransplant.com/wp-content/uploads/2026/07/Medical-Treatments-for-Hair-Loss.png,Neo Follicle Hair Transplant,en,summary_large_image,,Medical Treatments for Hair Loss: A Dermatologist’s Guide,1,29,3138,1,Article|BreadcrumbList|ContactPage|ContactPoint|ImageObject|LocalBusiness|MedicalClinic|Organization|Person|Physician|ReadAction|SearchAction|Service|WebPage|WebSite,49,16,5,1
https://neofollicletransplant.com/natural-hairline-design-hair-transplants/,natural-hairline-design-hair-transplants,True,post,2349,2026-07-03T12:25:05,Natural Hairline Design in Hair Transplants | Neo Follicle,58,"Learn how natural hairline design in hair transplants creates soft, age-appropriate, undetectable results at Neo Follicle Hair Transplant Clinic, Bangalore.",156,False,,https://neofollicletransplant.com/natural-hairline-design-hair-transplants/,True,"max-image-preview:large, max-snippet:-1, max-video-preview:-1",Natural Hairline Design in Hair Transplants | Neo Follicle,"Learn how natural hairline design in hair transplants creates soft, age-appropriate, undetectable results at Neo Follicle Hair Transplant Clinic, Bangalore.",https://neofollicletransplant.com/natural-hairline-design-hair-transplants/,article,https://neofollicletransplant.com/wp-content/uploads/2026/06/The-Art-Science-Of-Natural-Hair-Line-Design-in-Hair-Transplants.png,Neo Follicle Hair Transplant,en,summary_large_image,,The Art and Science of Natural Hairline Design in Hair Transplants,1,41,4804,1,Article|BlogPosting|BreadcrumbList|ContactPage|ContactPoint|FAQPage|ImageObject|LocalBusiness|MedicalClinic|MedicalWebPage|Organization|Person|Physician|ReadAction|SearchAction|Service|WebPage|WebSite,45,16,7,1
https://neofollicletransplant.com/nft-brochure-thank-you/,nft-brochure-thank-you,True,page,1164,2025-11-07T18:18:06,NFT Brochure – Thank You – Neo Follicle Hair Transplant,55,Thank You. We have sent the NFT Brochure download link to your email. Please click the same to download the brochure. Please call +91 - 97312 07940 for appointm,160,True,truncated mid-sentence,https://neofollicletransplant.com/nft-brochure-thank-you/,True,"max-image-preview:large, max-snippet:-1, max-video-preview:-1",NFT Brochure – Thank You – Neo Follicle Hair Transplant,Thank You. We have sent the NFT Brochure download link to your email. Please click the same to download the brochure. Please call +91 - 97312 07940 for appointm,https://neofollicletransplant.com/nft-brochure-thank-you/,article,,Neo Follicle Hair Transplant,en,summary_large_image,,,0,6,320,1,BreadcrumbList|ContactPage|ContactPoint|LocalBusiness|MedicalClinic|Organization|Person|Physician|ReadAction|SearchAction|Service|WebPage|WebSite,29,11,4,1
https://neofollicletransplant.com/nft-brochure/,nft-brochure,True,page,1160,2026-05-21T09:46:47,NFT Brochure – Neo Follicle Hair Transplant,43,"Home » NFT Brochure Download Neofollicle Hair Transplant Brochure Fill up the below form to download the NFT Brochure. Once you fill up the form, we will",153,True,body dump (breadcrumb prefix),https://neofollicletransplant.com/nft-brochure/,True,"max-image-preview:large, max-snippet:-1, max-video-preview:-1",NFT Brochure – Neo Follicle Hair Transplant,"Home » NFT Brochure Download Neofollicle Hair Transplant Brochure Fill up the below form to download the NFT Brochure. Once you fill up the form, we will",https://neofollicletransplant.com/nft-brochure/,article,,Neo Follicle Hair Transplant,en,summary_large_image,,Download Neofollicle Hair Transplant Brochure,1,3,319,1,BreadcrumbList|ContactPage|ContactPoint|LocalBusiness|MedicalClinic|Organization|Person|Physician|ReadAction|SearchAction|Service|WebPage|WebSite,30,11,3,1
https://neofollicletransplant.com/our-blogs/,our-blogs,True,page,1593,2026-01-12T19:41:10,Our Blogs – Neo Follicle Hair Transplant,40,,0,True,missing,https://neofollicletransplant.com/our-blogs/,True,"max-image-preview:large, max-snippet:-1, max-video-preview:-1",Our Blogs – Neo Follicle Hair Transplant,,https://neofollicletransplant.com/our-blogs/,website,https://neofollicletransplant.com/wp-content/uploads/2026/07/Why-Hair-Transplants-Fail.png,Neo Follicle Hair Transplant,en,summary_large_image,,Our Blogs,1,15,805,1,BreadcrumbList|CollectionPage|ContactPage|ContactPoint|LocalBusiness|MedicalClinic|Organization|Person|Physician|SearchAction|Service|WebSite,43,11,15,1
https://neofollicletransplant.com/privacy-policy/,privacy-policy,True,page,3,2025-05-27T17:37:34,Privacy Policy – Neo Follicle Hair Transplant,45,"Privacy Policy Effective Date: 01-01-2025 NEOFOLLICLE AND NEOFERTILITY CLINIC LLP (“Company”, “we”, “us”, or “our”) respects the privacy of its users and is com",160,True,truncated mid-sentence,https://neofollicletransplant.com/privacy-policy/,True,"max-image-preview:large, max-snippet:-1, max-video-preview:-1",Privacy Policy – Neo Follicle Hair Transplant,"Privacy Policy Effective Date: 01-01-2025 NEOFOLLICLE AND NEOFERTILITY CLINIC LLP (“Company”, “we”, “us”, or “our”) respects the privacy of its users and is com",https://neofollicletransplant.com/privacy-policy/,article,,Neo Follicle Hair Transplant,en,summary_large_image,,Privacy Policy,1,20,1530,1,BreadcrumbList|ContactPage|ContactPoint|LocalBusiness|MedicalClinic|Organization|Person|Physician|ReadAction|SearchAction|Service|WebPage|WebSite,30,13,4,1
https://neofollicletransplant.com/prp-vs-gfc-for-hair-loss/,prp-vs-gfc-for-hair-loss,True,post,2336,2026-07-03T12:26:24,PRP vs GFC for Hair Loss in Bangalore | Neo Follicle,52,"Compare PRP and GFC hair treatments in Bangalore, including benefits, sessions, comfort, cost, and which option may suit your stage of hair loss.",145,False,,https://neofollicletransplant.com/prp-vs-gfc-for-hair-loss/,True,"max-image-preview:large, max-snippet:-1, max-video-preview:-1",PRP vs GFC for Hair Loss in Bangalore | Neo Follicle,"Compare PRP and GFC hair treatments in Bangalore, including benefits, sessions, comfort, cost, and which option may suit your stage of hair loss.",https://neofollicletransplant.com/prp-vs-gfc-for-hair-loss/,article,https://neofollicletransplant.com/wp-content/uploads/2026/06/PRP-Vs-GFC-Treatment-Which-is-the-one-for-you.png,Neo Follicle Hair Transplant,en,summary_large_image,,PRP vs GFC for Hair Loss: What Is the Difference and Which Is Best for You?,1,44,4423,1,Article|BlogPosting|BreadcrumbList|ContactPage|ContactPoint|ImageObject|LocalBusiness|MedicalClinic|MedicalTherapy|MedicalWebPage|Organization|Person|Physician|ReadAction|SearchAction|Service|WebPage|WebSite,46,16,6,1
https://neofollicletransplant.com/qr678-hair-treatment-in-bangalore/,qr678-hair-treatment-in-bangalore,True,page,683,2026-05-26T16:45:42,QR678 Hair Treatment in Bangalore – Neo Follicle Hair Transplant,64,Home » QR678 Hair Treatment in Bangalore Best QR678 Neo Treatment in Bangalore Tired of Hair Fall? Try QR678—Clinically Proven to Regrow Hair Neo Follicle,154,True,body dump (breadcrumb prefix),https://neofollicletransplant.com/qr678-hair-treatment-in-bangalore/,True,"max-image-preview:large, max-snippet:-1, max-video-preview:-1",QR678 Hair Treatment in Bangalore – Neo Follicle Hair Transplant,Home » QR678 Hair Treatment in Bangalore Best QR678 Neo Treatment in Bangalore Tired of Hair Fall? Try QR678—Clinically Proven to Regrow Hair Neo Follicle,https://neofollicletransplant.com/qr678-hair-treatment-in-bangalore/,article,,Neo Follicle Hair Transplant,en,summary_large_image,,Best QR678 Neo Treatment in Bangalore,1,61,1959,1,BreadcrumbList|ContactPage|ContactPoint|LocalBusiness|MedicalClinic|MedicalTherapy|MedicalWebPage|Organization|Person|Physician|ReadAction|SearchAction|Service|WebPage|WebSite,32,11,36,3
https://neofollicletransplant.com/sample-page/,sample-page,True,page,2,2025-03-22T21:30:37,Sample Page – Neo Follicle Hair Transplant,42,This is a heading. Lorem Ipsum is simply dummy text of the printing and typesetting industry. Lorem Ipsum has been the industry's standard dummy text ever since,160,True,truncated mid-sentence,https://neofollicletransplant.com/sample-page/,True,"max-image-preview:large, max-snippet:-1, max-video-preview:-1",Sample Page – Neo Follicle Hair Transplant,This is a heading. Lorem Ipsum is simply dummy text of the printing and typesetting industry. Lorem Ipsum has been the industry's standard dummy text ever since,https://neofollicletransplant.com/sample-page/,article,,Neo Follicle Hair Transplant,en,summary_large_image,,This is a heading.,23,25,768,1,BreadcrumbList|ContactPage|ContactPoint|LocalBusiness|MedicalClinic|Organization|Person|Physician|ReadAction|SearchAction|Service|WebPage|WebSite,29,11,3,1
https://neofollicletransplant.com/scalp-micropigmentation-in-bangalore/,scalp-micropigmentation-in-bangalore,True,page,789,2026-05-26T16:49:36,Scalp Micropigmentation In Bangalore – Neo Follicle Hair Transplant,67,Home » Scalp Micropigmentation In Bangalore Best Scalp Micropigmentation in Bangalore Want the Look of a Fuller Head of Hair—Without Transplants? At Neo F,154,True,body dump (breadcrumb prefix),https://neofollicletransplant.com/scalp-micropigmentation-in-bangalore/,True,"max-image-preview:large, max-snippet:-1, max-video-preview:-1",Scalp Micropigmentation In Bangalore – Neo Follicle Hair Transplant,Home » Scalp Micropigmentation In Bangalore Best Scalp Micropigmentation in Bangalore Want the Look of a Fuller Head of Hair—Without Transplants? At Neo F,https://neofollicletransplant.com/scalp-micropigmentation-in-bangalore/,article,,Neo Follicle Hair Transplant,en,summary_large_image,,Best Scalp Micropigmentation in Bangalore,1,63,2083,1,BreadcrumbList|ContactPage|ContactPoint|LocalBusiness|MedicalClinic|MedicalTherapy|MedicalWebPage|Organization|Person|Physician|ReadAction|SearchAction|Service|WebPage|WebSite,32,11,38,3
https://neofollicletransplant.com/stem-cell-therapy-for-hair-loss-in-bangalore/,stem-cell-therapy-for-hair-loss-in-bangalore,True,page,555,2026-05-26T16:41:32,Stem Cell Therapy for Hair Loss in Bangalore – Neo Follicle Hair Transplant,75,Home » Stem Cell Therapy for Hair Loss in Bangalore Stem Cell Therapy for Hair Loss in Bangalore Looking for a Natural Way to Regrow Your Hair? With stem,153,True,body dump (breadcrumb prefix),https://neofollicletransplant.com/stem-cell-therapy-for-hair-loss-in-bangalore/,True,"max-image-preview:large, max-snippet:-1, max-video-preview:-1",Stem Cell Therapy for Hair Loss in Bangalore – Neo Follicle Hair Transplant,Home » Stem Cell Therapy for Hair Loss in Bangalore Stem Cell Therapy for Hair Loss in Bangalore Looking for a Natural Way to Regrow Your Hair? With stem,https://neofollicletransplant.com/stem-cell-therapy-for-hair-loss-in-bangalore/,article,,Neo Follicle Hair Transplant,en,summary_large_image,,Stem Cell Therapy for Hair Loss in Bangalore,1,60,2071,1,BreadcrumbList|ContactPage|ContactPoint|LocalBusiness|MedicalClinic|MedicalCondition|MedicalTherapy|MedicalWebPage|Organization|Person|Physician|ReadAction|SearchAction|Service|WebPage|WebSite,32,11,36,3
https://neofollicletransplant.com/terms-of-use/,terms-of-use,True,page,1200,2025-05-27T17:37:14,Terms Of Use – Neo Follicle Hair Transplant,43,"Terms Of Use Effective Date: 01-01-2025 These Terms of Use (""Terms"") govern your access to and use of the websites and services operated by NEOFOLLICLE AND NEOF",160,True,truncated mid-sentence,https://neofollicletransplant.com/terms-of-use/,True,"max-image-preview:large, max-snippet:-1, max-video-preview:-1",Terms Of Use – Neo Follicle Hair Transplant,"Terms Of Use Effective Date: 01-01-2025 These Terms of Use (""Terms"") govern your access to and use of the websites and services operated by NEOFOLLICLE AND NEOF",https://neofollicletransplant.com/terms-of-use/,article,,Neo Follicle Hair Transplant,en,summary_large_image,,Terms Of Use,1,15,1011,1,BreadcrumbList|ContactPage|ContactPoint|LocalBusiness|MedicalClinic|Organization|Person|Physician|ReadAction|SearchAction|Service|WebPage|WebSite,32,13,4,1
https://neofollicletransplant.com/thank-you-lp/,thank-you-lp,False,page,1537,2026-02-11T15:18:36,Thank You – LP – Neo Follicle Hair Transplant,45,Your Hair Analysis Report should reach your email in 2 - 3 minutes. Thank You One of Our Team Member will contact you shortly. Whats App Call Now Go To Website,159,True,truncated mid-sentence,,False,"max-image-preview:large, noindex, follow",Thank You – LP – Neo Follicle Hair Transplant,Your Hair Analysis Report should reach your email in 2 - 3 minutes. Thank You One of Our Team Member will contact you shortly. Whats App Call Now Go To Website,https://neofollicletransplant.com/thank-you-lp/,article,,Neo Follicle Hair Transplant,en,summary_large_image,,,0,5,307,1,BreadcrumbList|ContactPage|ContactPoint|LocalBusiness|MedicalClinic|Organization|Person|Physician|ReadAction|SearchAction|Service|WebPage|WebSite,30,12,4,1
https://neofollicletransplant.com/unethical-practices-in-hair-transplantation/,unethical-practices-in-hair-transplantation,True,post,2481,2026-07-05T08:15:50,Unethical Hair Transplant Practices: What Patients Must Know,60,"Learn how to identify unethical hair transplant practices, fake graft counts, ghost surgeons, and misleading results before choosing a clinic in Bangalore.",155,False,,https://neofollicletransplant.com/unethical-practices-in-hair-transplantation/,True,"max-image-preview:large, max-snippet:-1, max-video-preview:-1",Unethical Hair Transplant Practices: What Patients Must Know,"Learn how to identify unethical hair transplant practices, fake graft counts, ghost surgeons, and misleading results before choosing a clinic in Bangalore.",https://neofollicletransplant.com/unethical-practices-in-hair-transplantation/,article,https://neofollicletransplant.com/wp-content/uploads/2026/07/Unethical-Practices-in-Hair-Transplant.png,Neo Follicle Hair Transplant,en,summary_large_image,,Be Aware of Unethical Practices in Hair Transplantation,1,24,2774,1,Article|BreadcrumbList|ContactPage|ContactPoint|ImageObject|LocalBusiness|MedicalClinic|Organization|Person|Physician|ReadAction|SearchAction|Service|WebPage|WebSite,54,17,5,1
https://neofollicletransplant.com/unshaven-hair-transplant/,unshaven-hair-transplant,True,page,1038,2026-05-26T16:38:27,Unshaven Hair Transplant – Neo Follicle Hair Transplant,55,"Home » Unshaven Hair Transplant Regrow Your Hair Without Shaving Your Head Neo Follicle Transplant offers discreet, high-precision unshaven hair transplan",154,True,body dump (breadcrumb prefix),https://neofollicletransplant.com/unshaven-hair-transplant/,True,"max-image-preview:large, max-snippet:-1, max-video-preview:-1",Unshaven Hair Transplant – Neo Follicle Hair Transplant,"Home » Unshaven Hair Transplant Regrow Your Hair Without Shaving Your Head Neo Follicle Transplant offers discreet, high-precision unshaven hair transplan",https://neofollicletransplant.com/unshaven-hair-transplant/,article,,Neo Follicle Hair Transplant,en,summary_large_image,,Regrow Your Hair Without Shaving Your Head,1,59,1914,1,BreadcrumbList|ContactPage|ContactPoint|LocalBusiness|MedicalClinic|MedicalWebPage|Organization|Person|Physician|ReadAction|SearchAction|Service|WebPage|WebSite,44,11,42,3
https://neofollicletransplant.com/video-gallery/,video-gallery,True,page,885,2025-04-23T10:02:28,Video Gallery – Neo Follicle Hair Transplant,44,"Explore Our Expert Videos on Hair Transplant & Hair Loss Treatments Watch. Learn. Decide with Confidence. Get detailed answers, patient journeys, and expert tip",160,True,truncated mid-sentence,https://neofollicletransplant.com/video-gallery/,True,"max-image-preview:large, max-snippet:-1, max-video-preview:-1",Video Gallery – Neo Follicle Hair Transplant,"Explore Our Expert Videos on Hair Transplant & Hair Loss Treatments Watch. Learn. Decide with Confidence. Get detailed answers, patient journeys, and expert tip",https://neofollicletransplant.com/video-gallery/,article,,Neo Follicle Hair Transplant,en,summary_large_image,,Explore Our Expert Videos on Hair Transplant & Hair Loss Treatments,1,8,462,1,BreadcrumbList|CollectionPage|ContactPage|ContactPoint|LocalBusiness|MedicalClinic|Organization|Person|Physician|ReadAction|SearchAction|Service|VideoGallery|WebPage|WebSite,29,11,3,1
https://neofollicletransplant.com/why-hair-transplants-fail/,why-hair-transplants-fail,True,post,2529,2026-07-07T06:13:57,"Why Hair Transplants Fail: Causes, Signs & Prevention",53,"Learn why hair transplants fail, common warning signs, and how Neo Follicle in Bangalore protects graft survival with safe surgical protocols.",142,False,,https://neofollicletransplant.com/why-hair-transplants-fail/,True,"max-image-preview:large, max-snippet:-1, max-video-preview:-1","Why Hair Transplants Fail: Causes, Signs & Prevention","Learn why hair transplants fail, common warning signs, and how Neo Follicle in Bangalore protects graft survival with safe surgical protocols.",https://neofollicletransplant.com/why-hair-transplants-fail/,article,https://neofollicletransplant.com/wp-content/uploads/2026/07/Why-Hair-Transplants-Fail.png,Neo Follicle Hair Transplant,en,summary_large_image,,"Why Hair Transplants Fail: Causes, Signs, and Prevention",1,46,3237,1,Article|BreadcrumbList|ContactPage|ContactPoint|ImageObject|LocalBusiness|MedicalClinic|Organization|Person|Physician|ReadAction|SearchAction|Service|WebPage|WebSite,44,16,5,1
